0,1,2,3,4,5
0.18992239670243274,0.573586081568838,0.44901979705248535,0.014597433333333337,-0.10455863333333335,0.004727866666666667
0.19530393053564762,0.5589269518473908,0.4483047151843515,0.021786766666666665,-0.10393806666666668,0.015606733333333336
0.19603771169568682,0.5447167525005933,0.42662282479777996,0.01741033333333333,-0.1308745333333333,0.025590933333333333
0.2004465491831544,0.5450689067168284,0.41722803457709084,0.012014600000000002,-0.1404755,0.029948999999999996
0.20544262698240479,0.560667447801139,0.4091043697262483,0.006269833333333332,-0.1484013666666667,0.026758833333333336
0.20922815389446828,0.5790674677356269,0.40384825111220735,-0.003381933333333334,-0.14929483333333335,0.026037833333333326
0.2081487307354806,0.5874780762191271,0.385427888085569,-0.016450266666666664,-0.15831769999999998,0.02703613333333333
0.21050510813399098,0.5935161527682989,0.3586725960648688,-0.027518633333333334,-0.17484876666666668,0.0269379
0.21113643377176314,0.596504273745001,0.34147123157140363,-0.04532669999999999,-0.18980279999999997,0.030900633333333337
0.21014469342345876,0.5965198950330811,0.33452517558492345,-0.0693035,-0.18706413333333333,0.0247296
0.21388216973793298,0.5995009976372138,0.32033686887907925,-0.05981393333333333,-0.20075116666666665,0.023435866666666662
0.21587242229320452,0.5992417266348102,0.3089974636072886,-0.05664696666666666,-0.2117357666666666,0.020283933333333334
0.21619559281361098,0.5980746073116022,0.3023653748601054,-0.058761499999999994,-0.22006116666666664,0.020278800000000003
0.2179517535283778,0.6008044413210235,0.29379271879508484,-0.06687156666666666,-0.23275633333333332,0.01980413333333333
0.21963116936335422,0.6009007517952109,0.27764294985378457,-0.07788186666666666,-0.2380459666666667,0.01650616666666667
0.22164409395195983,0.5987484506942553,0.26442579489050916,-0.0911457,-0.24302326666666668,0.01399993333333333
0.2263286733328542,0.5968093866934802,0.25078887554864243,-0.09899060000000001,-0.2474798,0.011560233333333333
0.22700327116223284,0.5914224347123128,0.2406621888174904,-0.10982006666666666,-0.24385946666666664,0.009581933333333332
0.2253857187366498,0.5833251389309949,0.23073380236780702,-0.13385870000000005,-0.24466939999999998,0.012749866666666667
0.22814157836847382,0.5753934524879286,0.20791753284011547,-0.155841,-0.24940483333333333,0.014060800000000004
0.23257531808412832,0.5705211996927182,0.184157366327781,-0.17957233333333333,-0.2531617,0.013216466666666668
0.23934658167116235,0.5682846923655693,0.15503752892078787,-0.21527909999999997,-0.2633134333333333,0.010821166666666666
0.2447979684581348,0.5646591295289519,0.13041130996811118,-0.25180466666666673,-0.26548200000000005,0.0085877
0.24563343935449264,0.5603717217623505,0.11557744368258724,-0.28216820000000004,-0.25875276666666663,0.010563300000000001
0.24559448177054788,0.5570697902910507,0.11266605954996338,-0.30199663333333326,-0.23205906666666667,0.009127266666666665
0.24771364238104,0.5567347082372166,0.12147838616372324,-0.3048946,-0.21973363333333334,0.012085533333333336
0.246364164303375,0.5721453749181554,0.16586996112794772,-0.2545118333333333,-0.20927936666666663,0.020117333333333334
0.24157663428210752,0.5750734406471064,0.20379785047152496,-0.20008223333333336,-0.2124385,0.037068
0.23788400804705076,0.5678183508060896,0.22748658406883784,-0.15422426666666664,-0.22099689999999997,0.0491187
0.23533926407139422,0.560030830975366,0.2593675658018248,-0.1114250666666667,-0.21761336666666672,0.05528533333333333
0.23542336034878655,0.5539494201527224,0.28627358320873664,-0.06400313333333334,-0.21949976666666668,0.058740133333333326
0.23279589123363448,0.5544099542880189,0.3206437779772189,-0.02276373333333333,-0.21360313333333336,0.05578993333333334
0.2284809414143217,0.5553329847770051,0.34895671004618367,0.012795499999999998,-0.2112093333333334,0.053342466666666664
0.22436176527668966,0.549370302565799,0.37095266668947374,0.029540099999999996,-0.22377353333333333,0.0569545
0.22271550844037227,0.5372270602165301,0.3970599315792398,0.05921733333333333,-0.2231375666666667,0.05939173333333334
0.22449205612253711,0.5272401722227473,0.42307519853984404,0.09204470000000001,-0.20637233333333335,0.05599126666666667
0.22618101131496796,0.5241622794465542,0.44662728515774314,0.11705506666666667,-0.20361786666666667,0.05332626666666666
0.22306361078788303,0.5244236005991283,0.47202219483008173,0.13176233333333331,-0.20310710000000004,0.04861020000000002
0.21811973662902825,0.5226666657149706,0.4939522194746988,0.16070416666666665,-0.2140988,0.04565430000000001
0.2100965951824291,0.5092898844436391,0.5142356878175911,0.20258720000000002,-0.22693360000000004,0.05168236666666667
0.20640617096916924,0.4925864196757603,0.5387672342112622,0.24486243333333332,-0.2331907,0.04724133333333334
0.22196528478662447,0.5008099535346698,0.5474002972419522,0.27068533333333333,-0.23402776666666666,0.013537699999999998
0.24836209546687368,0.5207608627173286,0.5561119596218795,0.26801856666666674,-0.2330029666666667,-0.0341692
0.2838845669060816,0.5496842654395444,0.5677975267085174,0.26287740000000004,-0.2378457333333333,-0.08302493333333333
0.32624289144135804,0.5910271451085779,0.5628834884745795,0.23208460000000003,-0.2417778666666667,-0.14569860000000004
0.36203564460955323,0.6291701413674481,0.5434770562399375,0.1933631,-0.23929723333333333,-0.20311900000000002
0.3934565886344798,0.6587985250231326,0.5136193311887334,0.14703966666666662,-0.23100940000000003,-0.25422480000000003
0.4224974818302964,0.6909310159648062,0.4839635107768277,0.10219616666666666,-0.2208162333333333,-0.29951713333333335
0.4479648623087856,0.7161934611542138,0.4418197142278517,0.04086613333333333,-0.19905863333333335,-0.3379459666666666
0.46382868316638165,0.7361739576858783,0.3971290147435928,-0.022416766666666664,-0.17713799999999993,-0.3611388333333333
0.4747516860271122,0.7541230249688418,0.3571709804758213,-0.07766903333333335,-0.15634639999999994,-0.3718911666666667
0.47063088194901465,0.7635250899554593,0.3192322119698428,-0.1423167333333333,-0.13831446666666664,-0.36167833333333343
0.4557628528530229,0.7631710381991954,0.2897770128356006,-0.19066193333333334,-0.11069346666666663,-0.3331437
0.43904965850715966,0.7629780558989557,0.2581849467022958,-0.22793436666666672,-0.09026173333333336,-0.30051266666666676
0.41876881394718296,0.7549448081764473,0.23598008424641873,-0.2580786333333333,-0.0689073,-0.2663414666666667
0.3958576709695429,0.7324264059092477,0.2173216124563712,-0.2865981333333334,-0.055503133333333336,-0.22482086666666665
0.37419159269199,0.700807562591115,0.20017926304199107,-0.3182425,-0.04376540000000002,-0.18717143333333336
0.3497897721146887,0.6676044441308363,0.19877786869782643,-0.3476992999999999,-0.01926313333333333,-0.14771920000000002
0.31882339336780496,0.6332544507525536,0.20892692718255473,-0.3640183000000001,0.0007617333333333333,-0.08713763333333334
0.28577880460454524,0.5958675050020688,0.22606492168550174,-0.371424,0.016916633333333334,-0.03292763333333333
0.2535026411576312,0.5537539843095108,0.2680075827773531,-0.3611404,0.019606733333333334,0.029634633333333334
0.23177591204295186,0.5329838236152431,0.3261453185758355,-0.33283396666666665,0.04290683333333333,0.06585736666666667
0.21492679307587506,0.5226792786121055,0.3930661586357157,-0.3025224,0.0639034,0.09880743333333333
0.19567061461159121,0.5022544506455262,0.4497426209080925,-0.24536113333333337,0.06050763333333333,0.14088389999999998
0.17900013991142819,0.48145140138771014,0.48786988557943256,-0.18856846666666666,0.05437033333333333,0.17196939999999997
0.1603348940026378,0.44791057916687654,0.5100640101717745,-0.15349989999999997,0.04626866666666666,0.20663313333333336
0.14260373343832394,0.41720350152251445,0.5297532719516681,-0.12324540000000003,0.02595206666666667,0.2387559333333333
0.13117216369700038,0.4023906260918925,0.5476611083580891,-0.07819440000000001,0.008084000000000003,0.2541890666666667
0.12113590217127036,0.38284905311385853,0.5654034199453408,-0.035664933333333336,-0.008106433333333331,0.2707829
0.11092707507194109,0.3557829296010084,0.5933887029016801,0.012621966666666668,-0.017210666666666662,0.2865403666666666
0.10025082589830157,0.31695383795222665,0.6310550967417253,0.06842996666666665,-0.01943876666666666,0.30526690000000006
0.09740661610345533,0.2795847709187525,0.6571148814250256,0.12470306666666667,-0.030604433333333337,0.32060053333333344
0.09997195659897935,0.2648812726859797,0.6722775902111343,0.17244603333333328,-0.041599033333333334,0.3158193666666667
0.10421478334556035,0.2649058121196015,0.6783271351171307,0.21643913333333337,-0.06244509999999999,0.3030825
0.1147398697163818,0.28061757953445204,0.6897955214410828,0.25047549999999996,-0.07120493333333335,0.2688152
0.13408752112782538,0.31828148381818416,0.7062397303966932,0.27531716666666667,-0.067286,0.21242116666666663
0.16419828219486063,0.3693336025832064,0.7248075067888634,0.28459510000000005,-0.0594827,0.13277419999999995
0.1976489635835766,0.41779275407369726,0.7432729820292134,0.3025058333333333,-0.0624019,0.06763173333333332
0.2341938363096077,0.45908412751185335,0.7443086546369247,0.31208613333333335,-0.0734184,0.009653199999999999
0.26772233197422185,0.48655553790169864,0.7504683609465828,0.3080396666666667,-0.07886933333333332,-0.040809899999999996
0.29912133523608164,0.5135985872538834,0.7564090276559592,0.30888326666666666,-0.08729596666666666,-0.08627956666666665
0.317589700994685,0.5329104514771544,0.7348546601914591,0.2735469666666666,-0.08860206666666669,-0.11248153333333333
0.3199204887522736,0.534334551649663,0.6998941699321949,0.2119437,-0.08383760000000003,-0.1164974
0.3135946871536017,0.5357177071832879,0.7111384827678252,0.2330870666666667,-0.08421189999999996,-0.1067003333333333
0.3091482674485028,0.5419381229767649,0.7338832254646735,0.2849356666666666,-0.09547386666666666,-0.0995148333333333
0.306973960465365,0.5414467413423201,0.7297393546317611,0.2795486,-0.09378553333333331,-0.0935568
0.31321533955937225,0.5439648235440113,0.6759808104823944,0.19278910000000005,-0.08014273333333333,-0.10046006666666668
0.32274022835496063,0.5657296092882923,0.6020041166373316,0.08005509999999999,-0.0629953,-0.11140596666666668
0.32887819453447026,0.6024147126229641,0.5356192316781568,-0.008098500000000002,-0.03486366666666666,-0.11871713333333335
0.34032522263007775,0.6343934153525376,0.4672838348364389,-0.09455690000000001,-0.0118529,-0.12679673333333333
0.34552377816750013,0.6428042812405305,0.40998372211557793,-0.16980203333333335,0.0020456666666666666,-0.13089893333333333
0.3462600211019631,0.6430193860054948,0.3569746716735533,-0.2188478666666667,0.014776833333333335,-0.1372714
0.3530410855691136,0.6473724443913916,0.31383406789844437,-0.26433209999999996,0.026167400000000007,-0.15135926666666666
0.3573942260063996,0.6508397036190618,0.28882307667475743,-0.2845733333333333,0.02762843333333333,-0.15808453333333336
0.352303318339564,0.6603461546357096,0.30165860566299313,-0.2850942333333334,0.030804766666666667,-0.15569750000000002
0.3411446783486613,0.6809844310621265,0.3446392041638512,-0.2673983333333333,0.040834,-0.15122256666666667
0.33167962823916886,0.6826086619571561,0.3930191405105518,-0.2151494666666667,0.035518266666666666,-0.12627050000000004
0.31911228022902055,0.687269568570382,0.4630968853958655,-0.14382010000000003,0.041062166666666663,-0.10940300000000001
0.30046192473913713,0.6902418773808294,0.5603170818898865,-0.05803850000000001,0.061284399999999996,-0.08769876666666666
0.2682210230923871,0.6635083457277678,0.6523989262680634,0.031578,0.06896056666666667,-0.03698333333333334
0.22354229234943307,0.5926701069350736,0.7097767935595486,0.10117263333333333,0.06334576666666666,0.03780189999999999
0.19202354342153344,0.5154612124380982,0.7380633856802575,0.15390806666666665,0.04880453333333333,0.09793880000000002
0.173912947056249,0.4535577845686109,0.7489414341546872,0.19214889999999998,0.03504616666666667,0.13887863333333333
0.16123255669903747,0.3967155952106104,0.7534439078274754,0.22612286666666676,0.022541466666666673,0.16549829999999996
0.1634354107073032,0.3566507330821814,0.7372735165949783,0.23572590000000002,0.010848166666666671,0.16825613333333334
0.18953190427989336,0.36887482161658836,0.701487924440082,0.20124806666666667,-0.004583866666666666,0.11674366666666668
0.23291018032447253,0.4378240581559028,0.6614031460172375,0.13838606666666667,-0.01429093333333333,0.0302725
0.2765375415854958,0.5148858042139188,0.602832884341887,0.041337633333333325,-0.020595300000000004,-0.048095700000000005
0.318807974347631,0.5825064491201857,0.5638101275187556,-0.04954623333333333,0.0104487,-0.10808493333333333
0.39016727833173975,0.6465990328239091,0.5439328928740044,-0.11505856666666667,0.06642390000000001,-0.1998766
0.4837798578835015,0.6986507670367831,0.537536426864999,-0.14694470000000004,0.12333646666666667,-0.31538190000000005
0.5476054662533596,0.7251995184532501,0.509420997759231,-0.1652223,0.12873883333333333,-0.3952330333333334
0.5774630449647482,0.7221948815480846,0.46128872895145556,-0.17408169999999995,0.08757920000000001,-0.4208074
0.5891320056950283,0.7163988763301391,0.4433017553634623,-0.18222133333333337,0.0772826,-0.4333100999999999
0.593011926308568,0.714524495083128,0.46018502008958734,-0.1641104333333333,0.06006643333333333,-0.42478379999999993
0.5879838795641483,0.7139481050567692,0.48311360729728675,-0.13944916666666665,0.019351066666666673,-0.40316666666666656
0.5754457314270135,0.7134816694826664,0.506549620993658,-0.08488866666666665,-0.041909866666666656,-0.37598003333333335
0.5586506440547456,0.6985976292941517,0.5509917004083991,-0.002502800000000001,-0.0817666,-0.3480604000000001
0.5304362902573305,0.6818130682514573,0.5995815378435051,0.08417086666666666,-0.10458696666666668,-0.3161494666666667
0.4875376499214674,0.647951980173223,0.6413794840071361,0.16292030000000002,-0.11379780000000003,-0.2759414333333334
0.4394668210786145,0.6032580837748077,0.6822605335597137,0.22490570000000001,-0.10533330000000002,-0.2324747
0.39963348683076305,0.557707723860535,0.7267477959148966,0.24927190000000002,-0.0614841,-0.1919139
0.37829604149976714,0.5375623870471761,0.7751644134626222,0.25331586666666667,-0.005341366666666668,-0.17485549999999997
0.37131167789989833,0.5386162699530994,0.802231615695586,0.24140743333333334,0.04165573333333334,-0.17317873333333333
0.36920199277810006,0.5477140123762559,0.8305731518184294,0.23780169999999998,0.08476679999999999,-0.17427626666666665
0.36660282937331284,0.55332772408674,0.8596490044653523,0.2427801666666666,0.12700139999999996,-0.17012209999999994
0.3640478100498415,0.5562860351900614,0.8819390089954108,0.24485529999999997,0.16964680000000004,-0.16250539999999997
0.3637624267269454,0.5538353609342388,0.8968515690870728,0.24390663333333334,0.20380889999999996,-0.15279886666666667
0.37134491586178264,0.551270706074945,0.9089291740509525,0.23932169999999997,0.23929856666666666,-0.1498166
0.3759801584197002,0.5461621764370185,0.9219280769927993,0.23576883333333337,0.2748906,-0.14164266666666667
0.3712955972308315,0.5349239022193681,0.927056408251826,0.23416633333333337,0.28672790000000004,-0.11196756666666666
0.36129015348838295,0.5192035791658115,0.9284085864541154,0.23453513333333337,0.30052593333333344,-0.07688466666666666
0.35302204623748196,0.5097501756500767,0.9276050925406737,0.23613330000000002,0.3218843333333334,-0.06495296666666668
0.3367474022377254,0.49098987250686166,0.9189264032714042,0.2388169666666667,0.32262219999999997,-0.04222806666666669
0.3132101919536021,0.46835530512441736,0.9008819381276549,0.24109460000000002,0.29718356666666673,-0.0157219
0.2895519233750302,0.45984290921819165,0.8598774793978848,0.24109020000000003,0.23209486666666665,0.0028168
0.27361961249057803,0.4632149726724938,0.8109829313451328,0.2332669666666667,0.16334179999999995,0.008148433333333333
0.26040736896814864,0.4691132055880342,0.7775269340547194,0.22976373333333336,0.10961279999999998,0.004202599999999999
0.2559409015031805,0.48596020381326227,0.7526223583461071,0.22227963333333334,0.06324809999999999,-0.012680466666666668
0.27369862601431355,0.520501554216873,0.7229352536850963,0.21463993333333334,0.012176233333333333,-0.043537766666666665
0.30767093645311033,0.5706015333018147,0.6941945324977415,0.20649139999999996,-0.0462331,-0.08181463333333332
0.3229441732062574,0.6020142778553035,0.6734348933926992,0.20872100000000002,-0.09478679999999998,-0.09866866666666665
0.31944728126960437,0.605422027366431,0.6621858720119865,0.21896956666666662,-0.12754046666666666,-0.0949214
0.3075042367261245,0.6038033480310528,0.6452578586771087,0.23287523333333332,-0.1683452,-0.08367663333333332
0.29902158118046934,0.6020128891184119,0.620101317486007,0.22749116666666666,-0.20484653333333333,-0.07375119999999999
0.29485529103956787,0.6001561622160831,0.5867872424614926,0.20133806666666662,-0.2248074,-0.06013623333333333
0.2959059814672622,0.6003033121950038,0.5177533038351235,0.14421099999999998,-0.2711422666666667,-0.048797966666666664
0.313115591453044,0.6137800186141408,0.4289278398433689,0.0776593333333333,-0.3225878333333333,-0.059717533333333316
0.3339536030378834,0.631896675471294,0.367598457399469,0.006473866666666667,-0.3322408333333334,-0.08045483333333332
0.3439752909317924,0.648143269671258,0.3302417042552762,-0.0624932,-0.3080235000000001,-0.11003936666666667
0.34532041472351255,0.6532036839185833,0.3087304058909092,-0.11418223333333333,-0.27427053333333334,-0.12534283333333332
0.339088379988111,0.657338601198277,0.309278118015733,-0.15211406666666666,-0.22965889999999997,-0.135326
0.3272280905272175,0.6685152677334231,0.3422806414859364,-0.18666280000000002,-0.17775359999999998,-0.14597756666666667
0.3108644051657957,0.6871684816759467,0.4064069158640207,-0.1682714333333333,-0.12987606666666665,-0.14508426666666668
0.29483290983280763,0.6956310717763065,0.4798527025644675,-0.12025206666666666,-0.1003429,-0.1303892666666667
0.28157387410929385,0.6910303160424142,0.5366161619610701,-0.0788967,-0.09532576666666667,-0.1181013
0.2741640485883244,0.6789072376353835,0.5687870683284187,-0.03679936666666667,-0.08254583333333333,-0.10792293333333333
0.2722410108480721,0.66808328470733,0.5830172080785085,-0.010862100000000003,-0.08856143333333333,-0.10350873333333334
0.2729629624221189,0.6642707414147415,0.5909675724212281,0.011431499999999995,-0.08384799999999999,-0.10522246666666667
0.27161145706443957,0.6606721919592023,0.5971017502462481,0.014813500000000002,-0.0813311,-0.10337146666666665
0.274576792415062,0.6601200810360468,0.5962819186900947,0.0111702,-0.0810102,-0.10474363333333334
0.2780299171403378,0.6625603326813624,0.5928502002473536,0.012192933333333333,-0.08289113333333334,-0.10669133333333335
0.2781857574571473,0.66279494297821,0.593823498294959,0.006936466666666667,-0.08563993333333335,-0.10371693333333334
0.2798948204923002,0.6669390787728517,0.5941654893970586,0.013289166666666664,-0.08189753333333333,-0.10445473333333334
0.2814432829475188,0.6683006912521035,0.5921866791701631,0.005965999999999999,-0.09223910000000002,-0.10481873333333333
0.2836169523247383,0.6656392700131479,0.5873398092226771,0.002306,-0.09967686666666666,-0.10473373333333333
0.28339710906880544,0.6611421912342119,0.5882157832705247,0.0077390666666666665,-0.09434096666666664,-0.10488746666666666
0.28470747217691916,0.6576643825802404,0.5865933157973245,0.01701663333333333,-0.0916128,-0.1010748
0.28722000313925533,0.6536462105961237,0.5822600100273189,0.015539200000000001,-0.0975214,-0.10166713333333331
0.2906640027935872,0.6513169256964726,0.5824202746329123,0.0239119,-0.10853970000000003,-0.09615963333333334
0.29106932515884,0.6504117202568537,0.5809996505025113,0.02587486666666666,-0.1062492,-0.09280896666666667
0.2924441178336645,0.6524650467509735,0.5835375660414994,0.023303900000000002,-0.09328053333333335,-0.09756606666666663
0.2955995149140587,0.6551515735902378,0.5805619298826036,0.01539226666666667,-0.08471303333333334,-0.10297346666666668
0.29739101580220323,0.6522024294901664,0.5705465841842111,0.00047436666666666734,-0.0862225,-0.10424910000000001
0.29921701619546576,0.6502089937759553,0.5685008611373576,-0.007998633333333333,-0.09122290000000001,-0.10667349999999995
0.2979397912389327,0.6526091673184803,0.5932657374864071,0.033562466666666665,-0.0908185,-0.10455696666666668
0.2899780635145177,0.6372011736249656,0.6146922705993337,0.07045496666666666,-0.10181869999999998,-0.08951966666666668
0.2790265416542125,0.6092792603292257,0.6132202924473911,0.059833166666666666,-0.0999966333333333,-0.0747075
0.27515478837521296,0.593551708775412,0.589448029113447,0.015000199999999998,-0.09335606666666667,-0.07537513333333333
0.28361545428517,0.5995298179316115,0.5549994284700497,-0.040699599999999996,-0.08639419999999999,-0.09667369999999999
0.29701490466768843,0.6144673590625763,0.5109797225932083,-0.08326793333333334,-0.08207849999999998,-0.11497260000000001
0.3151126501368217,0.6412619517889608,0.4800870799711208,-0.11473183333333334,-0.07876603333333335,-0.13417683333333336
0.3363753407464756,0.6885574862897015,0.4742071223039827,-0.12773660000000003,-0.0900332,-0.15832066666666664
0.34691425104098705,0.7304809647756918,0.49625542337492395,-0.10762563333333335,-0.08743996666666663,-0.1710472666666667
0.3526603456457357,0.7626227871884578,0.5329447115184961,-0.06115726666666667,-0.08370086666666668,-0.17532629999999996
0.35667789380160114,0.7807472868363386,0.5791813363856425,-0.020400533333333335,-0.09207766666666668,-0.17904496666666656
0.3567885171009172,0.7771219893350135,0.6440255985342465,0.04998900000000001,-0.10360796666666669,-0.17799069999999997
0.34120560054197674,0.738139238445871,0.6966206262168005,0.1193463,-0.10649996666666668,-0.1580528
0.3183018468701869,0.663974941765814,0.7336094922271513,0.1763125666666667,-0.11028376666666669,-0.12365659999999996
0.2916748870039197,0.5859720306372698,0.7343361987096894,0.20863093333333335,-0.1208607,-0.08843920000000001
0.2553483015747765,0.507805675432734,0.7138544637095116,0.2013933333333333,-0.1165138333333333,-0.04510866666666665
0.2247938154644963,0.4664930167296882,0.6806513612430886,0.15632709999999994,-0.10789783333333333,-0.0175052
0.21023536272558946,0.46511651390487707,0.620059187312199,0.0706792666666667,-0.11082319999999997,-0.015572033333333334
0.21332783722735119,0.5115208728583108,0.55235320541799,-0.01760556666666667,-0.09793496666666665,-0.05355563333333333
0.2199964005847881,0.568160791255897,0.4924649087725784,-0.09326686666666667,-0.09187560000000002,-0.07519283333333332
0.18727199830886926,0.5809988030567897,0.4590340717240263,-0.16109906666666668,-0.04752173333333333,-0.04089853333333334
0.13856642682496598,0.550032014520145,0.4363034591456502,-0.2676779333333333,0.000439033333333333,0.02094333333333333
0.141064284443513,0.5480266816827039,0.39422942520141596,-0.3615675,0.011086133333333333,0.011637166666666662
0.22644267553052963,0.6431507339819038,0.3896760041664582,-0.4064567666666667,0.0510135,-0.13621013333333334
0.35941356888918935,0.7696390258338408,0.41476226385824155,-0.3917485333333334,0.08784663333333333,-0.3225758666666666
0.5264801035092831,0.8630968884577653,0.4386792275112781,-0.31244496666666666,0.08163139999999998,-0.5316172
0.6905181297893458,0.8859791256229023,0.4454945051363911,-0.20771513333333338,0.016679566666666666,-0.7256331666666664
0.8008830852786705,0.8713518804873849,0.47742286759464003,-0.08833806666666663,-0.10023139999999998,-0.8455373666666666
0.8247585887208575,0.8636650647167753,0.5322628003320822,0.04404486666666667,-0.20711303333333334,-0.8520899999999999
0.7354998286606182,0.8677547512609416,0.6073503884109872,0.15711623333333333,-0.24080299999999996,-0.7370215000000002
0.5678415755403513,0.8250283049656756,0.6614135865966164,0.22749820000000004,-0.20026793333333331,-0.5264912333333334
0.3821049833681616,0.7233401033178821,0.6615307115299405,0.22035520000000003,-0.12539530000000002,-0.26029
0.22735746267576498,0.572802749187162,0.610543611218972,0.13546723333333335,-0.0459697,-0.008459200000000004
0.12027977113212257,0.4107493442012266,0.5723645916639902,0.058002533333333314,-0.034219933333333334,0.19980583333333335
0.05680680559356214,0.28188259718570535,0.5746335202314607,-0.0029172333333333336,-0.0101916,0.3431080666666667
0.014438260139045294,0.20849500181496344,0.5902084919568659,-0.08529489999999998,0.038385999999999997,0.40201889999999996
0.006023786044155605,0.20916979358264048,0.5480401676871555,-0.1944553333333333,0.06896250000000001,0.3762940666666667
0.037908858354212864,0.2701232273228061,0.488912427800985,-0.27895226666666667,0.11531323333333332,0.3025862666666667
0.08643544631450603,0.360938238790307,0.4953368470233602,-0.3033418666666667,0.1908718333333333,0.22890819999999992
0.13655704230623436,0.46470719294586704,0.5610382781804399,-0.24725509999999998,0.2969416999999999,0.14277066666666668
0.1833840245280428,0.5525452341407664,0.6766141797884248,-0.1443607,0.34156093333333326,0.09552716666666666
0.2238274794442893,0.598248723471794,0.8142026491591001,0.0026993333333333335,0.36890376666666663,0.05037186666666667
0.244328244060048,0.5810287961085393,0.9032078201866561,0.1522487,0.32522983333333333,0.034800033333333334
0.23919631116262305,0.5442112006063851,0.9194086599333907,0.2657424333333333,0.18832596666666665,0.042170299999999994
0.21804939337559312,0.49622566791539874,0.8925256182013013,0.33659343333333336,0.052366333333333334,0.054557900000000006
0.18938349466808443,0.42955862981012244,0.8449675426881745,0.3598258666666666,-0.0322264,0.09176796666666666
0.14375006799884218,0.3347052010293244,0.7899301590856951,0.35887523333333327,-0.08434353333333332,0.1750479
0.10444957307150664,0.23485190372655257,0.7258603004441029,0.32045833333333323,-0.11352273333333333,0.2806513333333333
0.07333007445317621,0.15263201333391305,0.6468573221847939,0.24101609999999998,-0.13725110000000001,0.36702690000000004
0.05766051606076601,0.11571923753499934,0.5513112154833064,0.12345416666666666,-0.16305826666666665,0.4121210000000001
0.0670670576162499,0.13411779373649185,0.4851656333711726,-0.008035833333333332,-0.16508746666666668,0.40570739999999994
0.07939855451866908,0.16937788531870038,0.45656758415305354,-0.06519233333333334,-0.15105336666666666,0.3773856333333333
0.08919625383315817,0.20440144865954857,0.4408701845355225,-0.08616773333333334,-0.1459061666666667,0.3455106333333333
0.10049637443743865,0.23712141111043145,0.4319099490053398,-0.11429559999999998,-0.14500849999999996,0.3111938
0.1131899354771131,0.26360056267744303,0.409805576710513,-0.14357040000000001,-0.15127713333333329,0.28966596666666666
0.12262672663466363,0.27879166486616336,0.3898272295094883,-0.17320636666666667,-0.15541493333333334,0.2753655333333333
0.12948861837051603,0.2996262064048273,0.37383563985605633,-0.20214943333333338,-0.14633066666666666,0.2553863666666667
0.13692257271274022,0.3286827513120928,0.35397211081480423,-0.23173383333333325,-0.13746216666666664,0.22742813333333334
0.1443301025967317,0.3730606966700253,0.342341619830827,-0.26445956666666665,-0.1166635,0.18516586666666665
0.1619667881854652,0.42035762930142007,0.34976327558672066,-0.2837669333333333,-0.0682544,0.13173046666666668
0.18369229115760952,0.47361313129299737,0.3674247987744725,-0.2945735666666666,-0.004929433333333336,0.07632193333333334
0.212398607727886,0.519424377320842,0.3820411164410181,-0.2958476666666667,0.05004386666666668,0.02335516666666667
0.24606033790478288,0.5606144477310269,0.39809477865528414,-0.27865186666666675,0.07944040000000001,-0.01969266666666666
0.2787407045631933,0.6027616992688398,0.4403656168753803,-0.24616706666666668,0.118377,-0.056405966666666654
0.30847780550242493,0.634508798398554,0.4949951814961089,-0.21068716666666665,0.15985359999999998,-0.09119649999999999
0.32577235833397544,0.6450495886752051,0.5546205206430497,-0.1518055666666666,0.17972676666666662,-0.09863263333333334
0.32673360383203914,0.6412296336269921,0.6180714699232658,-0.10014383333333333,0.20231616666666669,-0.08974583333333329
0.31282920363532135,0.621361909291348,0.6889654044405745,-0.04168276666666667,0.22577526666666667,-0.0719278
0.29421695424424293,0.6024730601308882,0.7591285091456413,0.024389533333333335,0.23601123333333332,-0.05278300000000001
0.2747162565653054,0.5861849721419233,0.8046528308162225,0.07984646666666669,0.2230240333333333,-0.03650226666666667
0.26077651644104816,0.56714981051037,0.8169298207699869,0.1194590666666667,0.19141819999999996,-0.02073013333333333
0.2572953409887737,0.5461982363963914,0.8106407608367594,0.14927493333333333,0.1545065,-0.011799533333333334
0.2552887489951611,0.5273773863728543,0.8096856829223351,0.17690483333333332,0.12448169999999999,-0.005341133333333333
0.24574019399661573,0.5065384304587895,0.8167437306274896,0.21198890000000006,0.09931409999999997,0.007978633333333334
0.23190901547431414,0.4794958347791355,0.8168551846684229,0.2483613666666666,0.07047909999999999,0.0215648
0.22068684214439027,0.45490496176079936,0.8060704644040526,0.2828369,0.03531773333333333,0.029122233333333334
0.2142935488677342,0.43728553284629135,0.8010408910809215,0.32044369999999994,0.002755200000000001,0.029417266666666667
0.20638750481990348,0.41942481551676425,0.7959090356210257,0.35668469999999997,-0.031858333333333336,0.03707683333333333
0.18974962541143972,0.3927157202739288,0.7849248359098705,0.39022023333333333,-0.07357986666666667,0.06078899999999999
0.17411425027790534,0.37566720998110115,0.7503098135705315,0.40248406666666675,-0.12759743333333334,0.07624436666666666
0.16540458548987505,0.37242755769232955,0.6878655976071772,0.3951589666666667,-0.2129458333333333,0.0851707
0.1615595873214679,0.37548949316093694,0.6021164105871686,0.3637348333333333,-0.31067989999999995,0.10307516666666669
0.1659513669822482,0.3809661446404229,0.4921685062654324,0.3317806,-0.40790723333333323,0.12657033333333337
0.1817617036283395,0.401491222609595,0.37048152502295195,0.26754853333333334,-0.4880716000000001,0.1329528
0.19919024264700938,0.42020262351910115,0.28718050634601605,0.20926446666666668,-0.5265569666666666,0.1247477
0.2114270412544403,0.43771807218332043,0.24751478449338535,0.15659083333333335,-0.5211087,0.11204090000000001
0.2202975305809919,0.4481216151237038,0.22630381385372755,0.10638383333333333,-0.48604110000000006,0.09862916666666664
0.2290567307800855,0.456464390940073,0.2128690585597992,0.06313109999999998,-0.4538992333333332,0.08856926666666667
0.23665566717789208,0.46977074648082834,0.22037739985582216,0.02246606666666667,-0.40006746666666665,0.06820586666666664
0.24140421970232182,0.4952673221922123,0.23571999972182367,-0.027775966666666662,-0.34640760000000004,0.034542133333333336
0.24900071291107143,0.5236200299720928,0.25437472577787834,-0.06248296666666666,-0.2994013666666666,0.003356200000000002
0.2579688137642794,0.5543719335732156,0.2930253208672888,-0.05390853333333335,-0.24355770000000004,-0.015233300000000002
0.25852128940987695,0.5793139744627225,0.3494239121179057,-0.035803999999999996,-0.17334119999999997,-0.030903933333333338
0.25670775635602827,0.5953175999961456,0.4045674753250999,-0.016470666666666668,-0.11173466666666669,-0.04025566666666667
0.25121612453053266,0.6059449406277289,0.4580545791743377,-0.012229566666666667,-0.07595843333333333,-0.0455997
0.2420085901663861,0.6092574434697752,0.5121903610723156,0.0005199,-0.05640243333333334,-0.04499786666666666
0.24085349078620114,0.6112716768972016,0.5525361536704441,0.0163783,-0.035646766666666656,-0.054609066666666664
0.24726088180111835,0.6200834562497535,0.5778870225424074,0.029325433333333335,-0.022918233333333333,-0.06715036666666668
0.2477507417724744,0.6236195146241212,0.6011846434299429,0.031674633333333334,-0.003639600000000001,-0.07233476666666666
0.24253924688632172,0.6194320312353446,0.6241593848918409,0.027364466666666667,0.0190489,-0.07296283333333335
0.23567382756917526,0.6180606391563295,0.6406353073266448,0.033534,0.026910633333333336,-0.07148796666666667
0.23066288123061635,0.6195663129915848,0.6452942194048854,0.034986833333333335,0.02581766666666667,-0.06883666666666666
0.2297706846971079,0.6249335342985607,0.6372989834739295,0.030501966666666668,0.019872533333333334,-0.07150753333333332
0.23017863222084275,0.626537081437494,0.6388153230540898,0.02685976666666667,0.026404066666666667,-0.07425450000000001
0.23331816315057094,0.62679251347095,0.6300013924508525,0.021101366666666663,0.02081493333333334,-0.07599426666666667
0.23420580567919252,0.6229238094151542,0.6222557913440697,0.0157107,0.0033587,-0.07110546666666667
0.23514178909113312,0.6231581720862621,0.6246867492070174,0.021193066666666663,0.0062170333333333334,-0.06791673333333333
0.2402717323709535,0.6237197605458171,0.612698887110422,0.019947899999999998,0.0009856333333333322,-0.06920353333333333
0.23926943233838885,0.6158929429105763,0.6224626873580736,0.021092033333333322,-0.0007600666666666664,-0.06321526666666666
0.23379575840234598,0.6143102656320348,0.6382609209535891,0.032371033333333334,0.0143623,-0.05704136666666667
0.2321530710873171,0.6151339258211886,0.633654485944604,0.02670923333333333,0.015857266666666665,-0.056270133333333326
0.23361529965295122,0.6128373747189986,0.6353137524194155,0.04084096666666668,0.00793876666666667,-0.056841600000000006
0.23650791365903315,0.6196420506638705,0.6339498884608161,0.03259303333333334,0.008814733333333333,-0.05773546666666667
0.2358902977285299,0.6197769381637972,0.6407645100665232,0.032147133333333335,0.020691133333333334,-0.05718940000000001
0.23727959028371967,0.6174616724537288,0.6321940902802156,0.0197432,0.021053399999999996,-0.05833913333333333
0.23705514439610673,0.6154886854205573,0.6096459961831264,0.004496633333333333,0.0035317333333333353,-0.05828763333333333
0.24011310719917658,0.6148206143509753,0.6115568694051777,0.0085328,0.0065103999999999995,-0.059672833333333335
0.24087785462876127,0.6155465961955227,0.6240819604565861,0.01681756666666667,0.018626133333333336,-0.0559982
0.2454195207988349,0.6174697577113263,0.6161922675124791,0.0116669,0.023485666666666665,-0.055394399999999996
0.24652367026420366,0.615472543625636,0.6132868420488748,0.0042839666666666665,0.0053269,-0.05368343333333333
0.24613481861488318,0.6184720858775985,0.5958338046419612,0.002269633333333333,-0.008318533333333333,-0.054725300000000004
0.24357707363427938,0.6144472468630301,0.6321899336355167,-0.0003310999999999999,-0.015513066666666667,-0.051369766666666664
0.242360438645338,0.6115421052255383,0.6012627092754756,0.016051600000000003,0.003462533333333333,-0.0467738
0.24323213724009152,0.6074296170168181,0.594678902768145,0.0089593,0.0004923666666666665,-0.04926786666666667
0.23648244905141275,0.604604898922149,0.6331036314659553,0.004559466666666666,0.004768033333333334,-0.047415933333333334
0.23934595960221727,0.6102986392524399,0.6061691846190257,0.013601199999999997,0.022712466666666667,-0.054802066666666656
0.23368031534706432,0.6091440810066768,0.6121222639854413,0.01250106666666667,0.01703546666666667,-0.05601656666666668
0.22548181722760843,0.6038144522283291,0.6332167844170482,0.024296400000000003,0.0019865333333333336,-0.05203023333333333
0.22292277294302568,0.5996905758535116,0.6534944165293254,0.05291386666666666,-0.0005912333333333333,-0.049486000000000016
0.22133269259051958,0.5957717330522669,0.6741545094239461,0.07802186666666668,-0.003485766666666667,-0.046516633333333335
0.22098456226662336,0.5910577398231172,0.6943945213315754,0.10348616666666667,-0.007503433333333333,-0.04546496666666666
0.21979722725600495,0.5830558103658554,0.7054521733411601,0.12611916666666667,-0.012355066666666664,-0.04413343333333333
0.21825669332811287,0.5734105909163943,0.712383348964752,0.14049923333333333,-0.021074000000000002,-0.04219766666666667
0.215722445167956,0.5651929445596436,0.723063305086569,0.15360533333333332,-0.0206916,-0.04233356666666667
0.21313927304547137,0.5573622782537007,0.7352614979654403,0.16732576666666663,-0.018927966666666667,-0.04626306666666667
0.21064434999734688,0.5480498580197859,0.7440602747291006,0.19295176666666666,-0.0267002,-0.05160950000000001
0.20895151164327014,0.5357343413807609,0.750554343470747,0.21569339999999998,-0.0404107,-0.053138166666666674
0.21324679121183163,0.5271639585484952,0.7451354028034789,0.20795116666666666,-0.044537200000000006,-0.05750416666666666
0.2192652554984464,0.5273774930151581,0.7460686235302731,0.18377906666666669,-0.03120006666666667,-0.07027433333333333
0.2261533604683623,0.5398264298792036,0.7741004100458302,0.1997238,-0.019733733333333333,-0.08071969999999999
0.22471941947023483,0.5422418327127185,0.7976144000778398,0.22697060000000002,-0.020630500000000003,-0.0779854
0.21569669528970495,0.5251778834632012,0.7754302209004708,0.21002039999999994,-0.0354089,-0.06284876666666667
0.2154742489515592,0.5115495509373041,0.7529714920749551,0.18590766666666667,-0.046005333333333336,-0.06788026666666667
0.24381355182605258,0.5432237935078953,0.7404277889174179,0.15486926666666667,-0.060802666666666665,-0.12505983333333334
0.2987721765710544,0.6035420743862778,0.7206479399554087,0.12188126666666668,-0.06066473333333334,-0.22396010000000002
0.3851961232144133,0.6726585564724794,0.7037497433093147,0.0949858333333333,-0.05853193333333333,-0.3576312333333333
0.5143618115434364,0.7457746066581199,0.6667025366359647,0.06949856666666666,-0.03391009999999999,-0.5310838999999999
0.6719126310165111,0.7938855977444084,0.6164058062737096,0.0374145,-0.0012495666666666677,-0.7319269666666667
0.8218393277238174,0.7933291854789947,0.5381406067471773,-0.0050400333333333325,0.02061786666666667,-0.9291137666666667
0.9379565399978532,0.7712260878435324,0.4204948836016929,-0.055691300000000006,0.031545566666666656,-1.077042
0.9927242340242644,0.780422169177596,0.2989080667908206,-0.1503884,0.007309133333333336,-1.1263175333333335
0.9934544983707222,0.8040578834221767,0.16991938093497802,-0.27487923333333336,-0.04455396666666666,-1.0904386
0.9466150615930861,0.8271680509180368,0.05738151841398363,-0.3765747,-0.09161496666666667,-1.0117775666666668
0.8599067421201091,0.879373115127595,0.039432830016492885,-0.4091933000000001,-0.0932506,-0.9038056666666667
0.7567775676156298,0.9552547700773408,0.1246075075972354,-0.3502941333333333,-0.0655881,-0.7681654666666664
0.6520582160459018,0.994523646887971,0.237665223486584,-0.2728080666666666,-0.03417586666666666,-0.6421692333333334
0.5594666544986598,0.9938919164356665,0.35285700381866136,-0.19566523333333327,-0.0025506,-0.5333453333333333
0.46825181525932946,0.9699261016803139,0.46860034589668614,-0.10885053333333336,0.006530400000000001,-0.4208559
0.4001977743128361,0.9289546745576368,0.556910735791899,-0.02813926666666667,-0.010107833333333335,-0.32475080000000006
0.36085305034250764,0.8736424012560273,0.6257423454185903,0.0640993,-0.03984143333333332,-0.25957896666666663
0.33659503104188937,0.8149834391316232,0.6801414957257452,0.15809136666666668,-0.06900816666666665,-0.22035266666666667
0.3112476452635222,0.7528633573733343,0.7142176329453374,0.23952786666666667,-0.0935057,-0.19516229999999998
0.29646018186440287,0.6950315108797276,0.7474770757064071,0.31606466666666666,-0.12063846666666671,-0.19979123333333335
0.27724082445355985,0.6377084801508155,0.789961862980064,0.37289476666666665,-0.14322026666666662,-0.2071446333333334
0.25681744502773,0.581396376114797,0.8591737014390165,0.4215535666666666,-0.1629923666666667,-0.19980386666666664
0.23926747271304316,0.5304204500035581,0.9294720235932864,0.4607849,-0.16347586666666666,-0.18843716666666663
0.23737561851412495,0.5063206626391495,0.981240548372581,0.48567856666666664,-0.1657932,-0.1923464
0.24236894267985726,0.4961781736680946,0.9947030162544037,0.49344463333333344,-0.1792405333333334,-0.20629130000000004
0.26222291504339706,0.5026714911983783,0.9406350673195446,0.4866248333333333,-0.22383803333333332,-0.22652716666666664
0.2881313300628595,0.5335361472840202,0.835890974750527,0.44693250000000007,-0.27842459999999997,-0.2685758
0.31713375759694085,0.5619976432266413,0.710827653167238,0.3483648333333333,-0.31076106666666664,-0.3039218000000001
0.3431975029173126,0.5862020285967212,0.5992864281282247,0.22668783333333334,-0.2995894666666668,-0.3246922666666665
0.3701050692738574,0.6151593535813528,0.5285603727412754,0.11500653333333338,-0.26156723333333337,-0.3574989333333332
0.40739508167078864,0.6531059830905452,0.5087316658315617,0.026011800000000005,-0.19353066666666668,-0.4218134666666667
0.460842214286959,0.689603127939971,0.4898273571267899,-0.06068546666666667,-0.09409179999999998,-0.5058073333333333
0.524960232723407,0.7147760476466601,0.465889049769912,-0.12584120000000001,0.019967333333333333,-0.5804650666666666
0.5846059946481222,0.7355194723068383,0.4482333248599618,-0.13645813333333334,0.15374993333333337,-0.6349632333333335
0.6127844150154503,0.7581256665995788,0.4739810955211646,-0.11151936666666667,0.2850124333333334,-0.6247216666666666
0.6021172344683073,0.7722512925934647,0.5065389728719076,-0.0716758,0.3810590666666667,-0.5696774333333333
0.5580750324791577,0.7764385479910051,0.5365482676241549,-0.03216143333333333,0.3844021666666666,-0.4816452666666667
0.49251209346870073,0.7672005015628559,0.5656247568889438,0.009719933333333335,0.34537660000000003,-0.3767612333333334
0.416039601207982,0.7374728663383375,0.6065742954240464,0.0646954,0.28980579999999995,-0.2608783
0.3330001877810398,0.6782765953965676,0.643157290877433,0.12541646666666667,0.22260033333333332,-0.137259
0.2639394729964846,0.6160456337464192,0.6649768242149097,0.17134936666666664,0.15417419999999998,-0.033154933333333324
0.2122923313885369,0.5584126120113494,0.668804439740841,0.20435403333333332,0.08429709999999999,0.057473666666666666
0.17868488690479772,0.5109652023151458,0.6491509389415142,0.23998909999999998,-0.012215366666666665,0.13060373333333333
0.16115985585740158,0.4620130220478512,0.5820991366307692,0.2213677,-0.11772430000000002,0.18164700000000003
0.17054159096325575,0.439375227753986,0.45663218084652607,0.11380403333333332,-0.19754343333333335,0.19469100000000003
0.20623015397494576,0.4594372014698364,0.33699733907259033,-0.010791700000000005,-0.22697330000000004,0.15565336666666668
0.25059238673752937,0.5172696136681418,0.273294070212453,-0.11892583333333333,-0.18169386666666662,0.06010473333333332
0.3092586343385913,0.6094749073780982,0.306593558061496,-0.12867516666666667,-0.0645836,-0.06774523333333334
0.36887107742065944,0.6897088259398336,0.4301449556541818,-0.04368319999999999,0.06385919999999999,-0.16498793333333334
0.3891606682641036,0.7030284933660529,0.5830032099832648,0.08206160000000001,0.12827239999999998,-0.18172426666666666
0.3646108130273943,0.6669425547729754,0.6783748276583801,0.20160040000000004,0.09654413333333335,-0.13496286666666665
0.31099092549305407,0.6016205560859321,0.7278498344664848,0.2903811333333332,0.041115700000000005,-0.04683940000000001
0.2511084781349748,0.5163580455713764,0.774492829847413,0.36018636666666665,0.02729773333333333,0.05336176666666666
0.20545626633078484,0.4355779219911791,0.8068298845113121,0.39297766666666667,0.03238863333333333,0.13983976666666667
0.17473867961372488,0.3707702314939777,0.8280349480390307,0.4014590666666668,0.04804573333333333,0.2005150666666666
0.1494037206606384,0.31357809560793015,0.8414931985207347,0.40951046666666663,0.06098656666666666,0.25034986666666664
0.12255572389571157,0.22188942449530494,0.886002214408307,0.43062886666666655,0.0807278,0.31445569999999995
0.10597690081790168,0.12275644174935445,0.9185926259002013,0.4385401666666667,0.10229146666666669,0.3945158333333333
0.0956393253598373,0.04111356937919727,0.8816528066740592,0.40521886666666673,0.08140593333333336,0.4624856666666667
0.08917112710554013,0.0032060254678869223,0.7805738755886317,0.34090516666666665,0.006443566666666667,0.5017617333333334
0.08088759906443031,0.02901721330060276,0.6361029467021242,0.2531848666666666,-0.0950535,0.49982446666666674
0.08358973120328114,0.09226568620918145,0.4810472624230185,0.15403443333333336,-0.18967366666666663,0.47921596666666666
0.09856989506092204,0.1704125111654588,0.3586082212910044,0.061979499999999986,-0.2656776666666667,0.43907210000000013
0.12153352945713776,0.24445735329643073,0.28816184876685147,-0.015633766666666667,-0.28668676666666665,0.3790325666666667
0.15582844351348474,0.3242940834054356,0.24557278308481653,-0.06848446666666666,-0.2900291333333333,0.3023151
0.20407582380277686,0.4149001087582876,0.19126209197412328,-0.10644033333333333,-0.30630906666666663,0.2155183333333333
0.2577927792172095,0.49350350137213717,0.13796670711022058,-0.14378836666666667,-0.3348762333333333,0.13692526666666666
0.30467159455209986,0.5629613161371517,0.11135306782087624,-0.1612138,-0.3376074666666667,0.06606776666666665
0.3352233473350965,0.6140908981778349,0.07955944163817665,-0.2157654666666667,-0.3461269666666667,0.007376099999999997
0.34877493128626036,0.6229452242677682,0.046057629581868084,-0.2527191,-0.36213139999999994,-0.01909426666666666
0.3675841056192433,0.6253979792419884,0.008673102785172417,-0.2780953666666667,-0.3805304,-0.03142346666666667
0.39886605116061785,0.6480571915453879,0.008540220245618657,-0.26617493333333336,-0.3799137,-0.06157663333333333
0.4217523823293559,0.6875215635647294,0.04753467470495517,-0.2213929333333333,-0.3488425666666667,-0.10516886666666664
0.4238410105747,0.7216888675115599,0.11618811511911405,-0.15149816666666668,-0.29939696666666665,-0.12986306666666664
0.41100647170990523,0.7428829969665284,0.20192275237538643,-0.09010553333333332,-0.22539603333333327,-0.13864593333333333
0.38626373232438194,0.7509468862183927,0.3002465111762157,-0.047584833333333326,-0.12825836666666662,-0.1315338333333333
0.3491650254017714,0.7403943717561389,0.4162275990310667,-0.018308500000000002,-0.023043800000000003,-0.10668413333333332
0.3183479492493223,0.7225367432035249,0.5290941432749428,-0.003106600000000001,0.06791783333333332,-0.08851883333333334
0.3049525602119668,0.7033579899040937,0.6396900093343745,0.017953633333333337,0.15459760000000003,-0.07311493333333334
0.3035157145373403,0.6752036388115835,0.7464823772189823,0.04600356666666667,0.24300550000000007,-0.05817013333333331
0.31612033392731764,0.6428503361632217,0.823140168191209,0.063877,0.3142045333333334,-0.03788546666666667
0.33594142685938333,0.6203447459871215,0.8392223260889984,0.08275363333333335,0.36276670000000005,-0.03417886666666666
0.3494911397852837,0.6117041482449498,0.7920080436249953,0.0875498,0.3674990333333335,-0.04241573333333333
0.35713410924388156,0.6052847110399071,0.7131001245641482,0.07965443333333333,0.35824666666666655,-0.04972646666666666
0.3575077752718017,0.6010244196007812,0.6354585144214918,0.06108676666666667,0.35141523333333335,-0.05065036666666667
0.3507799776460321,0.5980319442301621,0.5537668807051528,0.052712466666666645,0.3167350333333333,-0.04998036666666665
0.3517260390468921,0.6111354884381643,0.4867102611697817,0.0505034,0.2778931333333333,-0.06390953333333334
0.3547050647819019,0.6222136980243882,0.436235739268002,0.059384533333333336,0.23839660000000004,-0.07745510000000001
0.3598265048138853,0.6212124003230649,0.3808199526650499,0.06914526666666668,0.17934076666666668,-0.08270366666666668
0.37406813949110396,0.6345693944806323,0.33148097507895435,0.07250963333333334,0.11971859999999998,-0.0920157
0.3855978782217538,0.6406770480108371,0.2962927785282528,0.07040306666666667,0.07956683333333334,-0.09602400000000001
0.3852771048203284,0.6383446152767659,0.2773738303179595,0.0640036,0.062133566666666674,-0.09721706666666667
0.3840171254125214,0.6380989042475546,0.25528790479103713,0.0609565,0.037308233333333336,-0.09593913333333332
0.39340163150806934,0.6365249024166901,0.22391586866412344,0.05482589999999999,0.0013868999999999997,-0.0940531333333333
0.403263251504225,0.6385926842943653,0.19511048500357234,0.052361200000000004,-0.032083466666666664,-0.09761493333333335
0.41026614068308476,0.6419039762650236,0.1920769514025176,0.049157299999999994,-0.03482013333333333,-0.09955493333333336
0.41608195130972164,0.6483370723857568,0.1946047990881283,0.048575299999999995,-0.030443966666666666,-0.10729460000000005
0.4117225983939805,0.6458035824885856,0.1888748071325556,0.045768933333333324,-0.029063899999999997,-0.10491186666666667
0.40281492850022543,0.6408811180307696,0.18966226540255787,0.0391451,-0.02074016666666666,-0.10308686666666667
0.4036145071689758,0.6435261379143657,0.19648660091880485,0.041370666666666674,-0.01278096666666667,-0.09899973333333333
0.4078995698008755,0.6453385936309086,0.18885708726538117,0.04397326666666667,-0.024931000000000005,-0.0917755
0.41118718170592583,0.6457924518039789,0.18170411230769637,0.04190433333333333,-0.02892503333333334,-0.09189543333333332
0.4128549844400161,0.6487486915826653,0.18864485536406547,0.038047533333333335,-0.018509700000000004,-0.09904553333333335
0.4140235036350815,0.6510136067256401,0.19443369273186825,0.0390439,-0.011537899999999999,-0.10288763333333334
0.41592175139686255,0.6547841156258946,0.1956211148333803,0.04529303333333335,-0.020693466666666667,-0.10817326666666667
0.42289697768304546,0.6660572052063826,0.22101781733170023,0.05948806666666665,-0.023217900000000003,-0.1250574333333333
0.4334209122527993,0.6810326322285587,0.24185416340149762,0.06467846666666667,-0.010048566666666665,-0.14489363333333338
0.4355235654683019,0.6782814076979086,0.22714959439004986,0.061505566666666664,-0.0185164,-0.14752430000000002
0.41986115821370756,0.6594820435191904,0.20677114638727992,0.061704633333333335,-0.032383633333333335,-0.11823103333333335
0.4101883035442354,0.6420041039177092,0.20954343469510278,0.0610746,-0.02159503333333334,-0.09455286666666665
0.41812123933952194,0.6437564564167136,0.2170439490542796,0.05705773333333334,-0.011414466666666668,-0.10024896666666668
0.42556924077734115,0.6509456327670811,0.21465816454694908,0.0523931,-0.013008266666666666,-0.11196646666666664
0.418392692143291,0.6407602483344608,0.21024259400526776,0.05281366666666667,-0.009331666666666667,-0.10150163333333335
0.4006144868037405,0.599367932989204,0.1946904325391642,0.05645963333333333,-0.018600099999999998,-0.058491800000000004
0.36584727093260033,0.5211902153359209,0.16595882621081193,0.05172383333333332,-0.04504436666666667,0.011116833333333331
0.3291927778778831,0.4525277946976508,0.1628304597368306,0.040180466666666664,-0.06108243333333333,0.05675876666666666
0.30241868277579403,0.4066741234353531,0.18954731050444087,0.06102816666666666,-0.029411300000000005,0.06712406666666666
